Datetime,AEP_MW
12/31/2004 1:00,13478
12/31/2004 2:00,12865
12/31/2004 3:00,12577
12/31/2004 4:00,12517
12/31/2004 5:00,12670
12/31/2004 6:00,13038
12/31/2004 7:00,13692
12/31/2004 8:00,14297
12/31/2004 9:00,14719
12/31/2004 10:00,14941
12/31/2004 11:00,15184
12/31/2004 12:00,15009
12/31/2004 13:00,14808
12/31/2004 14:00,14522
12/31/2004 15:00,14349
12/31/2004 16:00,14107
12/31/2004 17:00,14410
12/31/2004 18:00,15174
12/31/2004 19:00,15261
12/31/2004 20:00,14774
12/31/2004 21:00,14363
12/31/2004 22:00,14045
12/31/2004 23:00,13478
1/1/2005 0:00,12892
12/30/2004 1:00,14097
12/30/2004 2:00,13667
12/30/2004 3:00,13451
12/30/2004 4:00,13379
12/30/2004 5:00,13506
12/30/2004 6:00,14121
12/30/2004 7:00,15066
12/30/2004 8:00,15771
12/30/2004 9:00,16047
12/30/2004 10:00,16245
12/30/2004 11:00,16377
12/30/2004 12:00,16138
12/30/2004 13:00,15886
12/30/2004 14:00,15503
12/30/2004 15:00,15206
12/30/2004 16:00,15049
12/30/2004 17:00,15161
12/30/2004 18:00,16085
12/30/2004 19:00,16508
12/30/2004 20:00,16306
12/30/2004 21:00,16223
12/30/2004 22:00,15931
12/30/2004 23:00,15207
12/31/2004 0:00,14316
12/29/2004 1:00,15223
12/29/2004 2:00,14731
12/29/2004 3:00,14503
12/29/2004 4:00,14432
12/29/2004 5:00,14531
12/29/2004 6:00,15087
12/29/2004 7:00,16018
12/29/2004 8:00,16968
12/29/2004 9:00,17149
12/29/2004 10:00,17261
12/29/2004 11:00,17194
12/29/2004 12:00,17011
12/29/2004 13:00,16749
12/29/2004 14:00,16546
12/29/2004 15:00,16403
12/29/2004 16:00,16161
12/29/2004 17:00,16380
12/29/2004 18:00,17330
12/29/2004 19:00,17738
12/29/2004 20:00,17468
12/29/2004 21:00,17093
12/29/2004 22:00,16736
12/29/2004 23:00,15984
12/30/2004 0:00,14900
12/28/2004 1:00,17580
12/28/2004 2:00,17158
12/28/2004 3:00,17002
12/28/2004 4:00,16923
12/28/2004 5:00,17191
12/28/2004 6:00,17908
12/28/2004 7:00,18944
12/28/2004 8:00,19752
12/28/2004 9:00,19882
12/28/2004 10:00,19544
12/28/2004 11:00,19309
12/28/2004 12:00,18756
12/28/2004 13:00,18201
12/28/2004 14:00,17666
12/28/2004 15:00,17203
12/28/2004 16:00,16935
12/28/2004 17:00,17207
12/28/2004 18:00,18349
12/28/2004 19:00,18815
12/28/2004 20:00,18599
12/28/2004 21:00,18480
12/28/2004 22:00,18135
12/28/2004 23:00,17112
12/29/2004 0:00,16047
12/27/2004 1:00,16718
12/27/2004 2:00,16150
12/27/2004 3:00,16090
12/27/2004 4:00,16223
12/27/2004 5:00,16652
12/27/2004 6:00,17317
12/27/2004 7:00,18384
12/27/2004 8:00,19366
12/27/2004 9:00,19772
12/27/2004 10:00,19792
12/27/2004 11:00,19697
12/27/2004 12:00,19193
12/27/2004 13:00,18640
12/27/2004 14:00,18066
12/27/2004 15:00,17692
12/27/2004 16:00,17522
12/27/2004 17:00,17933
12/27/2004 18:00,19353
12/27/2004 19:00,20046
12/27/2004 20:00,20127
12/27/2004 21:00,20049
12/27/2004 22:00,19751
12/27/2004 23:00,19038
12/28/2004 0:00,18133
12/26/2004 1:00,15059
12/26/2004 2:00,14617
12/26/2004 3:00,14452
12/26/2004 4:00,14465
12/26/2004 5:00,14561
12/26/2004 6:00,14862
12/26/2004 7:00,15318
12/26/2004 8:00,15865
12/26/2004 9:00,16421
12/26/2004 10:00,16751
12/26/2004 11:00,16521
12/26/2004 12:00,16047
12/26/2004 13:00,15790
12/26/2004 14:00,15702
12/26/2004 15:00,15488
12/26/2004 16:00,15607
12/26/2004 17:00,16012
12/26/2004 18:00,17243
12/26/2004 19:00,17922
12/26/2004 20:00,18064
12/26/2004 21:00,18086
12/26/2004 22:00,17834
12/26/2004 23:00,17392
12/27/2004 0:00,16842
12/25/2004 1:00,16669
12/25/2004 2:00,16218
12/25/2004 3:00,16135
12/25/2004 4:00,16107
12/25/2004 5:00,16229
12/25/2004 6:00,16470
12/25/2004 7:00,16935
12/25/2004 8:00,17548
12/25/2004 9:00,17927
12/25/2004 10:00,17837
12/25/2004 11:00,17453
12/25/2004 12:00,16891
12/25/2004 13:00,15967
12/25/2004 14:00,15088
12/25/2004 15:00,14564
12/25/2004 16:00,14394
12/25/2004 17:00,14745
12/25/2004 18:00,15856
12/25/2004 19:00,16502
12/25/2004 20:00,16678
12/25/2004 21:00,16842
12/25/2004 22:00,16621
12/25/2004 23:00,16167
12/26/2004 0:00,15676
12/24/2004 1:00,15645
12/24/2004 2:00,15265
12/24/2004 3:00,15138
12/24/2004 4:00,15068
12/24/2004 5:00,15122
12/24/2004 6:00,15441
12/24/2004 7:00,15967
12/24/2004 8:00,16628
12/24/2004 9:00,17122
12/24/2004 10:00,17621
12/24/2004 11:00,17501
12/24/2004 12:00,17122
12/24/2004 13:00,16600
12/24/2004 14:00,16206
12/24/2004 15:00,15844
12/24/2004 16:00,15762
12/24/2004 17:00,16092
12/24/2004 18:00,17048
12/24/2004 19:00,17456
12/24/2004 20:00,17407
12/24/2004 21:00,17474
12/24/2004 22:00,17772
12/24/2004 23:00,17618
12/25/2004 0:00,17147
12/23/2004 1:00,15358
12/23/2004 2:00,14851
12/23/2004 3:00,14441
12/23/2004 4:00,14105
12/23/2004 5:00,14048
12/23/2004 6:00,14394
12/23/2004 7:00,15034
12/23/2004 8:00,15783
12/23/2004 9:00,16231
12/23/2004 10:00,16576
12/23/2004 11:00,16912
12/23/2004 12:00,16991
12/23/2004 13:00,16793
12/23/2004 14:00,16764
12/23/2004 15:00,16643
12/23/2004 16:00,16666
12/23/2004 17:00,16869
12/23/2004 18:00,17916
12/23/2004 19:00,18424
12/23/2004 20:00,18343
12/23/2004 21:00,18340
12/23/2004 22:00,18011
12/23/2004 23:00,17340
12/24/2004 0:00,16383
12/22/2004 1:00,15670
12/22/2004 2:00,15135
12/22/2004 3:00,14997
12/22/2004 4:00,14929
12/22/2004 5:00,15256
12/22/2004 6:00,16174
12/22/2004 7:00,17483
12/22/2004 8:00,18645
12/22/2004 9:00,18866
12/22/2004 10:00,18802
12/22/2004 11:00,18457
12/22/2004 12:00,18021
12/22/2004 13:00,17687
12/22/2004 14:00,17590
12/22/2004 15:00,17471
12/22/2004 16:00,17406
12/22/2004 17:00,17592
12/22/2004 18:00,18668
12/22/2004 19:00,19040
12/22/2004 20:00,18819
12/22/2004 21:00,18483
12/22/2004 22:00,18381
12/22/2004 23:00,17461
12/23/2004 0:00,16353
12/21/2004 1:00,18740
12/21/2004 2:00,18247
12/21/2004 3:00,17906
12/21/2004 4:00,17749
12/21/2004 5:00,17900
12/21/2004 6:00,18590
12/21/2004 7:00,19716
12/21/2004 8:00,20555
12/21/2004 9:00,20218
12/21/2004 10:00,19783
12/21/2004 11:00,19452
12/21/2004 12:00,18866
12/21/2004 13:00,18383
12/21/2004 14:00,17945
12/21/2004 15:00,17591
12/21/2004 16:00,17362
12/21/2004 17:00,17619
12/21/2004 18:00,18664
12/21/2004 19:00,19088
12/21/2004 20:00,18998
12/21/2004 21:00,18773
12/21/2004 22:00,18394
12/21/2004 23:00,17622
12/22/2004 0:00,16484
12/20/2004 1:00,19050
12/20/2004 2:00,18940
12/20/2004 3:00,19015
12/20/2004 4:00,19178
12/20/2004 5:00,19494
12/20/2004 6:00,20392
12/20/2004 7:00,21616
12/20/2004 8:00,22554
12/20/2004 9:00,22577
12/20/2004 10:00,22321
12/20/2004 11:00,22055
12/20/2004 12:00,21388
12/20/2004 13:00,21035
12/20/2004 14:00,20542
12/20/2004 15:00,20362
12/20/2004 16:00,20119
12/20/2004 17:00,20505
12/20/2004 18:00,21373
12/20/2004 19:00,22188
12/20/2004 20:00,22038
12/20/2004 21:00,21752
12/20/2004 22:00,21621
12/20/2004 23:00,20919
12/21/2004 0:00,19554
12/19/2004 1:00,14619
12/19/2004 2:00,14245
12/19/2004 3:00,14082
12/19/2004 4:00,14123
12/19/2004 5:00,14253
12/19/2004 6:00,14437
12/19/2004 7:00,15197
12/19/2004 8:00,16025
12/19/2004 9:00,16742
12/19/2004 10:00,17345
12/19/2004 11:00,17400
12/19/2004 12:00,17291
12/19/2004 13:00,17473
12/19/2004 14:00,17464
12/19/2004 15:00,17461
12/19/2004 16:00,17683
12/19/2004 17:00,18211
12/19/2004 18:00,19749
12/19/2004 19:00,20439
12/19/2004 20:00,20805
12/19/2004 21:00,20840
12/19/2004 22:00,20670
12/19/2004 23:00,20300
12/20/2004 0:00,19719
12/18/2004 1:00,16053
12/18/2004 2:00,15562
12/18/2004 3:00,15439
12/18/2004 4:00,15498
12/18/2004 5:00,15743
12/18/2004 6:00,16126
12/18/2004 7:00,16793
12/18/2004 8:00,17583
12/18/2004 9:00,18108
12/18/2004 10:00,18035
12/18/2004 11:00,17599
12/18/2004 12:00,17022
12/18/2004 13:00,16390
12/18/2004 14:00,15921
12/18/2004 15:00,15619
12/18/2004 16:00,15475
12/18/2004 17:00,16039
12/18/2004 18:00,17080
12/18/2004 19:00,17479
12/18/2004 20:00,17431
12/18/2004 21:00,17458
12/18/2004 22:00,17162
12/18/2004 23:00,16561
12/19/2004 0:00,15645
12/17/2004 1:00,15893
12/17/2004 2:00,15503
12/17/2004 3:00,15315
12/17/2004 4:00,15264
12/17/2004 5:00,15596
12/17/2004 6:00,16544
12/17/2004 7:00,18227
12/17/2004 8:00,19281
12/17/2004 9:00,19052
12/17/2004 10:00,18758
12/17/2004 11:00,18254
12/17/2004 12:00,17654
12/17/2004 13:00,17236
12/17/2004 14:00,16818
12/17/2004 15:00,16450
12/17/2004 16:00,16250
12/17/2004 17:00,16581
12/17/2004 18:00,17953
12/17/2004 19:00,18650
12/17/2004 20:00,18653
12/17/2004 21:00,18645
12/17/2004 22:00,18444
12/17/2004 23:00,17832
12/18/2004 0:00,16906
12/16/2004 1:00,17381
12/16/2004 2:00,17048
12/16/2004 3:00,16862
12/16/2004 4:00,16876
12/16/2004 5:00,17185
12/16/2004 6:00,18127
12/16/2004 7:00,19901
12/16/2004 8:00,20605
12/16/2004 9:00,20312
12/16/2004 10:00,19945
12/16/2004 11:00,19364
12/16/2004 12:00,18559
12/16/2004 13:00,17977
12/16/2004 14:00,17693
12/16/2004 15:00,17396
12/16/2004 16:00,17246
12/16/2004 17:00,17669
12/16/2004 18:00,18921
12/16/2004 19:00,19446
12/16/2004 20:00,19506
12/16/2004 21:00,19477
12/16/2004 22:00,19068
12/16/2004 23:00,18062
12/17/2004 0:00,16826
12/15/2004 1:00,17126
12/15/2004 2:00,16709
12/15/2004 3:00,16618
12/15/2004 4:00,16546
12/15/2004 5:00,16905
12/15/2004 6:00,17889
12/15/2004 7:00,19542
12/15/2004 8:00,20491
12/15/2004 9:00,20295
12/15/2004 10:00,19843
12/15/2004 11:00,19422
12/15/2004 12:00,19050
12/15/2004 13:00,18519
12/15/2004 14:00,18301
12/15/2004 15:00,17748
12/15/2004 16:00,17696
12/15/2004 17:00,18153
12/15/2004 18:00,19645
12/15/2004 19:00,20441
12/15/2004 20:00,20502
12/15/2004 21:00,20486
12/15/2004 22:00,20274
12/15/2004 23:00,19304
12/16/2004 0:00,18139
12/14/2004 1:00,16704
12/14/2004 2:00,16281
12/14/2004 3:00,16064
12/14/2004 4:00,16155
12/14/2004 5:00,16500
12/14/2004 6:00,17338
12/14/2004 7:00,18923
12/14/2004 8:00,19920
12/14/2004 9:00,19679
12/14/2004 10:00,19432
12/14/2004 11:00,19293
12/14/2004 12:00,19182
12/14/2004 13:00,19022
12/14/2004 14:00,18917
12/14/2004 15:00,18750
12/14/2004 16:00,18749
12/14/2004 17:00,19204
12/14/2004 18:00,20431
12/14/2004 19:00,20996
12/14/2004 20:00,20837
12/14/2004 21:00,20689
12/14/2004 22:00,20285
12/14/2004 23:00,19248
12/15/2004 0:00,18021
12/13/2004 1:00,14308
12/13/2004 2:00,14116
12/13/2004 3:00,14021
12/13/2004 4:00,14052
12/13/2004 5:00,14408
12/13/2004 6:00,15501
12/13/2004 7:00,17190
12/13/2004 8:00,18404
12/13/2004 9:00,18474
12/13/2004 10:00,18536
12/13/2004 11:00,18575
12/13/2004 12:00,18493
12/13/2004 13:00,18435
12/13/2004 14:00,18492
12/13/2004 15:00,18438
12/13/2004 16:00,18484
12/13/2004 17:00,18945
12/13/2004 18:00,20103
12/13/2004 19:00,20564
12/13/2004 20:00,20447
12/13/2004 21:00,20311
12/13/2004 22:00,19814
12/13/2004 23:00,18762
12/14/2004 0:00,17504
12/12/2004 1:00,14153
12/12/2004 2:00,13683
12/12/2004 3:00,13427
12/12/2004 4:00,13373
12/12/2004 5:00,13460
12/12/2004 6:00,13704
12/12/2004 7:00,14157
12/12/2004 8:00,14802
12/12/2004 9:00,15422
12/12/2004 10:00,15757
12/12/2004 11:00,15688
12/12/2004 12:00,15728
12/12/2004 13:00,15848
12/12/2004 14:00,15678
12/12/2004 15:00,15388
12/12/2004 16:00,15505
12/12/2004 17:00,16012
12/12/2004 18:00,16918
12/12/2004 19:00,17200
12/12/2004 20:00,17245
12/12/2004 21:00,16986
12/12/2004 22:00,16650
12/12/2004 23:00,15860
12/13/2004 0:00,14939
12/11/2004 1:00,13881
12/11/2004 2:00,13431
12/11/2004 3:00,13099
12/11/2004 4:00,13042
12/11/2004 5:00,13204
12/11/2004 6:00,13629
12/11/2004 7:00,14268
12/11/2004 8:00,15105
12/11/2004 9:00,15708
12/11/2004 10:00,16234
12/11/2004 11:00,16452
12/11/2004 12:00,16327
12/11/2004 13:00,16159
12/11/2004 14:00,16012
12/11/2004 15:00,15889
12/11/2004 16:00,15814
12/11/2004 17:00,16382
12/11/2004 18:00,17323
12/11/2004 19:00,17381
12/11/2004 20:00,17048
12/11/2004 21:00,16902
12/11/2004 22:00,16611
12/11/2004 23:00,15910
12/12/2004 0:00,14948
12/10/2004 1:00,13815
12/10/2004 2:00,13451
12/10/2004 3:00,13122
12/10/2004 4:00,13096
12/10/2004 5:00,13333
12/10/2004 6:00,14167
12/10/2004 7:00,15812
12/10/2004 8:00,16831
12/10/2004 9:00,16861
12/10/2004 10:00,16645
12/10/2004 11:00,16593
12/10/2004 12:00,16493
12/10/2004 13:00,16361
12/10/2004 14:00,16226
12/10/2004 15:00,16044
12/10/2004 16:00,15886
12/10/2004 17:00,16221
12/10/2004 18:00,17147
12/10/2004 19:00,17256
12/10/2004 20:00,17051
12/10/2004 21:00,16840
12/10/2004 22:00,16587
12/10/2004 23:00,15789
12/11/2004 0:00,14772
12/9/2004 1:00,14507
12/9/2004 2:00,14036
12/9/2004 3:00,13918
12/9/2004 4:00,13839
12/9/2004 5:00,14140
12/9/2004 6:00,14968
12/9/2004 7:00,16659
12/9/2004 8:00,17512
12/9/2004 9:00,17473
12/9/2004 10:00,17338
12/9/2004 11:00,17417
12/9/2004 12:00,17334
12/9/2004 13:00,17280
12/9/2004 14:00,17233
12/9/2004 15:00,17047
12/9/2004 16:00,17037
12/9/2004 17:00,17392
12/9/2004 18:00,18054
12/9/2004 19:00,18180
12/9/2004 20:00,17854
12/9/2004 21:00,17699
12/9/2004 22:00,17106
12/9/2004 23:00,16127
12/10/2004 0:00,14876
12/8/2004 1:00,13277
12/8/2004 2:00,12886
12/8/2004 3:00,12670
12/8/2004 4:00,12680
12/8/2004 5:00,12980
12/8/2004 6:00,13932
12/8/2004 7:00,15795
12/8/2004 8:00,16793
12/8/2004 9:00,16628
12/8/2004 10:00,16538
12/8/2004 11:00,16466
12/8/2004 12:00,16169
12/8/2004 13:00,15988
12/8/2004 14:00,15800
12/8/2004 15:00,15568
12/8/2004 16:00,15505
12/8/2004 17:00,15918
12/8/2004 18:00,17343
12/8/2004 19:00,17776
12/8/2004 20:00,17822
12/8/2004 21:00,17875
12/8/2004 22:00,17503
12/8/2004 23:00,16477
12/9/2004 0:00,15259
12/7/2004 1:00,13562
12/7/2004 2:00,13150
12/7/2004 3:00,12930
12/7/2004 4:00,12823
12/7/2004 5:00,12963
12/7/2004 6:00,13915
12/7/2004 7:00,15577
12/7/2004 8:00,16630
12/7/2004 9:00,16554
12/7/2004 10:00,16597
12/7/2004 11:00,16431
12/7/2004 12:00,16223
12/7/2004 13:00,16054
12/7/2004 14:00,15787
12/7/2004 15:00,15538
12/7/2004 16:00,15484
12/7/2004 17:00,15782
12/7/2004 18:00,16935
12/7/2004 19:00,17249
12/7/2004 20:00,17045
12/7/2004 21:00,16958
12/7/2004 22:00,16499
12/7/2004 23:00,15426
12/8/2004 0:00,14223
12/6/2004 1:00,13563
12/6/2004 2:00,13318
12/6/2004 3:00,13204
12/6/2004 4:00,13239
12/6/2004 5:00,13556
12/6/2004 6:00,14605
12/6/2004 7:00,16104
12/6/2004 8:00,17348
12/6/2004 9:00,17211
12/6/2004 10:00,17212
12/6/2004 11:00,17260
12/6/2004 12:00,17153
12/6/2004 13:00,16879
12/6/2004 14:00,16645
12/6/2004 15:00,16432
12/6/2004 16:00,16494
12/6/2004 17:00,16755
12/6/2004 18:00,17682
12/6/2004 19:00,17901
12/6/2004 20:00,17700
12/6/2004 21:00,17382
12/6/2004 22:00,16851
12/6/2004 23:00,15682
12/7/2004 0:00,14402
12/5/2004 1:00,13960
12/5/2004 2:00,13536
12/5/2004 3:00,13430
12/5/2004 4:00,13377
12/5/2004 5:00,13484
12/5/2004 6:00,13797
12/5/2004 7:00,14271
12/5/2004 8:00,14826
12/5/2004 9:00,15369
12/5/2004 10:00,15322
12/5/2004 11:00,14774
12/5/2004 12:00,14296
12/5/2004 13:00,14018
12/5/2004 14:00,13725
12/5/2004 15:00,13488
12/5/2004 16:00,13549
12/5/2004 17:00,14089
12/5/2004 18:00,15557
12/5/2004 19:00,16124
12/5/2004 20:00,16111
12/5/2004 21:00,16216
12/5/2004 22:00,15723
12/5/2004 23:00,14975
12/6/2004 0:00,14180
12/4/2004 1:00,15123
12/4/2004 2:00,14748
12/4/2004 3:00,14662
12/4/2004 4:00,14540
12/4/2004 5:00,14626
12/4/2004 6:00,15196
12/4/2004 7:00,15893
12/4/2004 8:00,16632
12/4/2004 9:00,17069
12/4/2004 10:00,16887
12/4/2004 11:00,16460
12/4/2004 12:00,15850
12/4/2004 13:00,15261
12/4/2004 14:00,14884
12/4/2004 15:00,14602
12/4/2004 16:00,14500
12/4/2004 17:00,14812
12/4/2004 18:00,16172
12/4/2004 19:00,16364
12/4/2004 20:00,16494
12/4/2004 21:00,16418
12/4/2004 22:00,16078
12/4/2004 23:00,15557
12/5/2004 0:00,14662
12/3/2004 1:00,15309
12/3/2004 2:00,14792
12/3/2004 3:00,14581
12/3/2004 4:00,14599
12/3/2004 5:00,14848
12/3/2004 6:00,15751
12/3/2004 7:00,17454
12/3/2004 8:00,18324
12/3/2004 9:00,18082
12/3/2004 10:00,17687
12/3/2004 11:00,17439
12/3/2004 12:00,16952
12/3/2004 13:00,16601
12/3/2004 14:00,16348
12/3/2004 15:00,16038
12/3/2004 16:00,15891
12/3/2004 17:00,16114
12/3/2004 18:00,17334
12/3/2004 19:00,17888
12/3/2004 20:00,17729
12/3/2004 21:00,17782
12/3/2004 22:00,17617
12/3/2004 23:00,16824
12/4/2004 0:00,15864
12/2/2004 1:00,15575
12/2/2004 2:00,15243
12/2/2004 3:00,15087
12/2/2004 4:00,15022
12/2/2004 5:00,15354
12/2/2004 6:00,16227
12/2/2004 7:00,18049
12/2/2004 8:00,18943
12/2/2004 9:00,18728
12/2/2004 10:00,18225
12/2/2004 11:00,17885
12/2/2004 12:00,17258
12/2/2004 13:00,16796
12/2/2004 14:00,16399
12/2/2004 15:00,15969
12/2/2004 16:00,15839
12/2/2004 17:00,16290
12/2/2004 18:00,17567
12/2/2004 19:00,18361
12/2/2004 20:00,18458
12/2/2004 21:00,18338
12/2/2004 22:00,18064
12/2/2004 23:00,17061
12/3/2004 0:00,16047
12/1/2004 1:00,14133
12/1/2004 2:00,13700
12/1/2004 3:00,13396
12/1/2004 4:00,13353
12/1/2004 5:00,13588
12/1/2004 6:00,14460
12/1/2004 7:00,16015
12/1/2004 8:00,16999
12/1/2004 9:00,17017
12/1/2004 10:00,17003
12/1/2004 11:00,17147
12/1/2004 12:00,16914
12/1/2004 13:00,16620
12/1/2004 14:00,16321
12/1/2004 15:00,15997
12/1/2004 16:00,15972
12/1/2004 17:00,16284
12/1/2004 18:00,17657
12/1/2004 19:00,18428
12/1/2004 20:00,18400
12/1/2004 21:00,18384
12/1/2004 22:00,18078
12/1/2004 23:00,17174
12/2/2004 0:00,16165
11/30/2004 1:00,14437
11/30/2004 2:00,14061
11/30/2004 3:00,13843
11/30/2004 4:00,13818
11/30/2004 5:00,14062
11/30/2004 6:00,14942
11/30/2004 7:00,16480
11/30/2004 8:00,17314
11/30/2004 9:00,17206
11/30/2004 10:00,17120
11/30/2004 11:00,17065
11/30/2004 12:00,16863
11/30/2004 13:00,16814
11/30/2004 14:00,16749
11/30/2004 15:00,16616
11/30/2004 16:00,16787
11/30/2004 17:00,17233
11/30/2004 18:00,18123
11/30/2004 19:00,18388
11/30/2004 20:00,18189
11/30/2004 21:00,17797
11/30/2004 22:00,17247
11/30/2004 23:00,16103
12/1/2004 0:00,14902
11/29/2004 1:00,14484
11/29/2004 2:00,14185
11/29/2004 3:00,14003
11/29/2004 4:00,14075
11/29/2004 5:00,14413
11/29/2004 6:00,15361
11/29/2004 7:00,16980
11/29/2004 8:00,17907
11/29/2004 9:00,17740
11/29/2004 10:00,17617
11/29/2004 11:00,17486
11/29/2004 12:00,17275
11/29/2004 13:00,17079
11/29/2004 14:00,16999
11/29/2004 15:00,16737
11/29/2004 16:00,16660
11/29/2004 17:00,16922
11/29/2004 18:00,17949
11/29/2004 19:00,18246
11/29/2004 20:00,18179
11/29/2004 21:00,17914
11/29/2004 22:00,17355
11/29/2004 23:00,16441
11/30/2004 0:00,15234
11/28/2004 1:00,12678
11/28/2004 2:00,12292
11/28/2004 3:00,12015
11/28/2004 4:00,11934
11/28/2004 5:00,12077
11/28/2004 6:00,12253
11/28/2004 7:00,12690
11/28/2004 8:00,13423
11/28/2004 9:00,14082
11/28/2004 10:00,14509
11/28/2004 11:00,14606
11/28/2004 12:00,14716
11/28/2004 13:00,14567
11/28/2004 14:00,14565
11/28/2004 15:00,14347
11/28/2004 16:00,14318
11/28/2004 17:00,14675
11/28/2004 18:00,15910
11/28/2004 19:00,16406
11/28/2004 20:00,16582
11/28/2004 21:00,16447
11/28/2004 22:00,16162
11/28/2004 23:00,15528
11/29/2004 0:00,14837
11/27/2004 1:00,13163
11/27/2004 2:00,12878
11/27/2004 3:00,12648
11/27/2004 4:00,12607
11/27/2004 5:00,12859
11/27/2004 6:00,13113
11/27/2004 7:00,13717
11/27/2004 8:00,14321
11/27/2004 9:00,14807
11/27/2004 10:00,15000
11/27/2004 11:00,14857
11/27/2004 12:00,14443
11/27/2004 13:00,14237
11/27/2004 14:00,13888
11/27/2004 15:00,13793
11/27/2004 16:00,13907
11/27/2004 17:00,14364
11/27/2004 18:00,15281
11/27/2004 19:00,15417
11/27/2004 20:00,15368
11/27/2004 21:00,15237
11/27/2004 22:00,14906
11/27/2004 23:00,14229
11/28/2004 0:00,13428
11/26/2004 1:00,13332
11/26/2004 2:00,13123
11/26/2004 3:00,13091
11/26/2004 4:00,13156
11/26/2004 5:00,13402
11/26/2004 6:00,13919
11/26/2004 7:00,14563
11/26/2004 8:00,15072
11/26/2004 9:00,15427
11/26/2004 10:00,15493
11/26/2004 11:00,15247
11/26/2004 12:00,14915
11/26/2004 13:00,14691
11/26/2004 14:00,14366
11/26/2004 15:00,14027
11/26/2004 16:00,13989
11/26/2004 17:00,14218
11/26/2004 18:00,15132
11/26/2004 19:00,15465
11/26/2004 20:00,15375
11/26/2004 21:00,15231
11/26/2004 22:00,15008
11/26/2004 23:00,14445
11/27/2004 0:00,13781
11/25/2004 1:00,12244
11/25/2004 2:00,11750
11/25/2004 3:00,11480
11/25/2004 4:00,11438
11/25/2004 5:00,11427
11/25/2004 6:00,11657
11/25/2004 7:00,12183
11/25/2004 8:00,12850
11/25/2004 9:00,13747
11/25/2004 10:00,14652
11/25/2004 11:00,15072
11/25/2004 12:00,14980
11/25/2004 13:00,14262
11/25/2004 14:00,13472
11/25/2004 15:00,13036
11/25/2004 16:00,12847
11/25/2004 17:00,12962
11/25/2004 18:00,13618
11/25/2004 19:00,14104
11/25/2004 20:00,14314
11/25/2004 21:00,14500
11/25/2004 22:00,14583
11/25/2004 23:00,14279
11/26/2004 0:00,13784
11/24/2004 1:00,12829
11/24/2004 2:00,12420
11/24/2004 3:00,12192
11/24/2004 4:00,12146
11/24/2004 5:00,12349
11/24/2004 6:00,13180
11/24/2004 7:00,14564
11/24/2004 8:00,15665
11/24/2004 9:00,15943
11/24/2004 10:00,16226
11/24/2004 11:00,16332
11/24/2004 12:00,16350
11/24/2004 13:00,16202
11/24/2004 14:00,16062
11/24/2004 15:00,15836
11/24/2004 16:00,15663
11/24/2004 17:00,15679
11/24/2004 18:00,16202
11/24/2004 19:00,16360
11/24/2004 20:00,16068
11/24/2004 21:00,15811
11/24/2004 22:00,15325
11/24/2004 23:00,14345
11/25/2004 0:00,13165
11/23/2004 1:00,13158
11/23/2004 2:00,12767
11/23/2004 3:00,12539
11/23/2004 4:00,12462
11/23/2004 5:00,12655
11/23/2004 6:00,13484
11/23/2004 7:00,15037
11/23/2004 8:00,15885
11/23/2004 9:00,15803
11/23/2004 10:00,15860
11/23/2004 11:00,15942
11/23/2004 12:00,15784
11/23/2004 13:00,15615
11/23/2004 14:00,15500
11/23/2004 15:00,15257
11/23/2004 16:00,15161
11/23/2004 17:00,15357
11/23/2004 18:00,16153
11/23/2004 19:00,16388
11/23/2004 20:00,16224
11/23/2004 21:00,15980
11/23/2004 22:00,15497
11/23/2004 23:00,14650
11/24/2004 0:00,13661
11/22/2004 1:00,12645
11/22/2004 2:00,12352
11/22/2004 3:00,12189
11/22/2004 4:00,12212
11/22/2004 5:00,12530
11/22/2004 6:00,13369
11/22/2004 7:00,14984
11/22/2004 8:00,15915
11/22/2004 9:00,15966
11/22/2004 10:00,16017
11/22/2004 11:00,16015
11/22/2004 12:00,15776
11/22/2004 13:00,15676
11/22/2004 14:00,15523
11/22/2004 15:00,15226
11/22/2004 16:00,15140
11/22/2004 17:00,15380
11/22/2004 18:00,16321
11/22/2004 19:00,16726
11/22/2004 20:00,16604
11/22/2004 21:00,16360
11/22/2004 22:00,15855
11/22/2004 23:00,14902
11/23/2004 0:00,13871
11/21/2004 1:00,11839
11/21/2004 2:00,11343
11/21/2004 3:00,11095
11/21/2004 4:00,11053
11/21/2004 5:00,10998
11/21/2004 6:00,11306
11/21/2004 7:00,11666
11/21/2004 8:00,12352
11/21/2004 9:00,12989
11/21/2004 10:00,13427
11/21/2004 11:00,13411
11/21/2004 12:00,13399
11/21/2004 13:00,13409
11/21/2004 14:00,13394
11/21/2004 15:00,13183
11/21/2004 16:00,13186
11/21/2004 17:00,13502
11/21/2004 18:00,14467
11/21/2004 19:00,14931
11/21/2004 20:00,14937
11/21/2004 21:00,14814
11/21/2004 22:00,14490
11/21/2004 23:00,13848
11/22/2004 0:00,13160
11/20/2004 1:00,12409
11/20/2004 2:00,11868
11/20/2004 3:00,11606
11/20/2004 4:00,11585
11/20/2004 5:00,11604
11/20/2004 6:00,11901
11/20/2004 7:00,12397
11/20/2004 8:00,13130
11/20/2004 9:00,13816
11/20/2004 10:00,14252
11/20/2004 11:00,14419
11/20/2004 12:00,14392
11/20/2004 13:00,14137
11/20/2004 14:00,13920
11/20/2004 15:00,13714
11/20/2004 16:00,13581
11/20/2004 17:00,13854
11/20/2004 18:00,14598
11/20/2004 19:00,14640
11/20/2004 20:00,14316
11/20/2004 21:00,14143
11/20/2004 22:00,13759
11/20/2004 23:00,13159
11/21/2004 0:00,12471
11/19/2004 1:00,13089
11/19/2004 2:00,12652
11/19/2004 3:00,12381
11/19/2004 4:00,12318
11/19/2004 5:00,12559
11/19/2004 6:00,13303
11/19/2004 7:00,14939
11/19/2004 8:00,15854
11/19/2004 9:00,15842
11/19/2004 10:00,15958
11/19/2004 11:00,15965
11/19/2004 12:00,15806
11/19/2004 13:00,15712
11/19/2004 14:00,15628
11/19/2004 15:00,15444
11/19/2004 16:00,15192
11/19/2004 17:00,15341
11/19/2004 18:00,15931
11/19/2004 19:00,15856
11/19/2004 20:00,15540
11/19/2004 21:00,15252
11/19/2004 22:00,14898
11/19/2004 23:00,14124
11/20/2004 0:00,13167
11/18/2004 1:00,13181
11/18/2004 2:00,12655
11/18/2004 3:00,12660
11/18/2004 4:00,12555
11/18/2004 5:00,12811
11/18/2004 6:00,13625
11/18/2004 7:00,15270
11/18/2004 8:00,16160
11/18/2004 9:00,16119
11/18/2004 10:00,16052
11/18/2004 11:00,16219
11/18/2004 12:00,16074
11/18/2004 13:00,16003
11/18/2004 14:00,15873
11/18/2004 15:00,15771
11/18/2004 16:00,15650
11/18/2004 17:00,15839
11/18/2004 18:00,16542
11/18/2004 19:00,16822
11/18/2004 20:00,16630
11/18/2004 21:00,16303
11/18/2004 22:00,15802
11/18/2004 23:00,14799
11/19/2004 0:00,13771
11/17/2004 1:00,13547
11/17/2004 2:00,13224
11/17/2004 3:00,13090
11/17/2004 4:00,13047
11/17/2004 5:00,13301
11/17/2004 6:00,14090
11/17/2004 7:00,15790
11/17/2004 8:00,16594
11/17/2004 9:00,16440
11/17/2004 10:00,16345
11/17/2004 11:00,16251
11/17/2004 12:00,16072
11/17/2004 13:00,15924
11/17/2004 14:00,15832
11/17/2004 15:00,15697
11/17/2004 16:00,15714
11/17/2004 17:00,16072
11/17/2004 18:00,16773
11/17/2004 19:00,16899
11/17/2004 20:00,16782
11/17/2004 21:00,16479
11/17/2004 22:00,15967
11/17/2004 23:00,14929
11/18/2004 0:00,13910
11/16/2004 1:00,14221
11/16/2004 2:00,13842
11/16/2004 3:00,13705
11/16/2004 4:00,13668
11/16/2004 5:00,13992
11/16/2004 6:00,14773
11/16/2004 7:00,16390
11/16/2004 8:00,17175
11/16/2004 9:00,17039
11/16/2004 10:00,16959
11/16/2004 11:00,16830
11/16/2004 12:00,16452
11/16/2004 13:00,16347
11/16/2004 14:00,16168
11/16/2004 15:00,15926
11/16/2004 16:00,15732
11/16/2004 17:00,16016
11/16/2004 18:00,16783
11/16/2004 19:00,17161
11/16/2004 20:00,16963
11/16/2004 21:00,16707
11/16/2004 22:00,16130
11/16/2004 23:00,15351
11/17/2004 0:00,14269
11/15/2004 1:00,14126
11/15/2004 2:00,14036
11/15/2004 3:00,14060
11/15/2004 4:00,14252
11/15/2004 5:00,14747
11/15/2004 6:00,15767
11/15/2004 7:00,17495
11/15/2004 8:00,18161
11/15/2004 9:00,17962
11/15/2004 10:00,17580
11/15/2004 11:00,17167
11/15/2004 12:00,16659
11/15/2004 13:00,16276
11/15/2004 14:00,15959
11/15/2004 15:00,15681
11/15/2004 16:00,15497
11/15/2004 17:00,15723
11/15/2004 18:00,16714
11/15/2004 19:00,17269
11/15/2004 20:00,17344
11/15/2004 21:00,17159
11/15/2004 22:00,16677
11/15/2004 23:00,15726
11/16/2004 0:00,14877
11/14/2004 1:00,13754
11/14/2004 2:00,13528
11/14/2004 3:00,13497
11/14/2004 4:00,13572
11/14/2004 5:00,13681
11/14/2004 6:00,14001
11/14/2004 7:00,14490
11/14/2004 8:00,15050
11/14/2004 9:00,15337
11/14/2004 10:00,15186
11/14/2004 11:00,14614
11/14/2004 12:00,14250
11/14/2004 13:00,13986
11/14/2004 14:00,13659
11/14/2004 15:00,13365
11/14/2004 16:00,13241
11/14/2004 17:00,13570
11/14/2004 18:00,14811
11/14/2004 19:00,15629
11/14/2004 20:00,15877
11/14/2004 21:00,15870
11/14/2004 22:00,15649
11/14/2004 23:00,14996
11/15/2004 0:00,14470
11/13/2004 1:00,13655
11/13/2004 2:00,13368
11/13/2004 3:00,13192
11/13/2004 4:00,13118
11/13/2004 5:00,13221
11/13/2004 6:00,13611
11/13/2004 7:00,14192
11/13/2004 8:00,14701
11/13/2004 9:00,15171
11/13/2004 10:00,15406
11/13/2004 11:00,15375
11/13/2004 12:00,15012
11/13/2004 13:00,14598
11/13/2004 14:00,14279
11/13/2004 15:00,13829
11/13/2004 16:00,13780
11/13/2004 17:00,14022
11/13/2004 18:00,14996
11/13/2004 19:00,15634
11/13/2004 20:00,15679
11/13/2004 21:00,15587
11/13/2004 22:00,15399
11/13/2004 23:00,14835
11/14/2004 0:00,14257
11/12/2004 1:00,13823
11/12/2004 2:00,13493
11/12/2004 3:00,13245
11/12/2004 4:00,13201
11/12/2004 5:00,13382
11/12/2004 6:00,14232
11/12/2004 7:00,15727
11/12/2004 8:00,16515
11/12/2004 9:00,16697
11/12/2004 10:00,16765
11/12/2004 11:00,16721
11/12/2004 12:00,16597
11/12/2004 13:00,16468
11/12/2004 14:00,16287
11/12/2004 15:00,16091
11/12/2004 16:00,15888
11/12/2004 17:00,15803
11/12/2004 18:00,16546
11/12/2004 19:00,16877
11/12/2004 20:00,16580
11/12/2004 21:00,16369
11/12/2004 22:00,16227
11/12/2004 23:00,15318
11/13/2004 0:00,14434
11/11/2004 1:00,13727
11/11/2004 2:00,13447
11/11/2004 3:00,13341
11/11/2004 4:00,13330
11/11/2004 5:00,13597
11/11/2004 6:00,14394
11/11/2004 7:00,15955
11/11/2004 8:00,16668
11/11/2004 9:00,16621
11/11/2004 10:00,16606
11/11/2004 11:00,16377
11/11/2004 12:00,16365
11/11/2004 13:00,16224
11/11/2004 14:00,16167
11/11/2004 15:00,16113
11/11/2004 16:00,16134
11/11/2004 17:00,16310
11/11/2004 18:00,17013
11/11/2004 19:00,17321
11/11/2004 20:00,17159
11/11/2004 21:00,16847
11/11/2004 22:00,16369
11/11/2004 23:00,15488
11/12/2004 0:00,14636
11/10/2004 1:00,14753
11/10/2004 2:00,14485
11/10/2004 3:00,14400
11/10/2004 4:00,14454
11/10/2004 5:00,14692
11/10/2004 6:00,15690
11/10/2004 7:00,17290
11/10/2004 8:00,17897
11/10/2004 9:00,17583
11/10/2004 10:00,17252
11/10/2004 11:00,16923
11/10/2004 12:00,16475
11/10/2004 13:00,16221
11/10/2004 14:00,16028
11/10/2004 15:00,15643
11/10/2004 16:00,15517
11/10/2004 17:00,15711
11/10/2004 18:00,16597
11/10/2004 19:00,17045
11/10/2004 20:00,16887
11/10/2004 21:00,16709
11/10/2004 22:00,16153
11/10/2004 23:00,15267
11/11/2004 0:00,14373
11/9/2004 1:00,14629
11/9/2004 2:00,14279
11/9/2004 3:00,14354
11/9/2004 4:00,14340
11/9/2004 5:00,14729
11/9/2004 6:00,15675
11/9/2004 7:00,17263
11/9/2004 8:00,18034
11/9/2004 9:00,17752
11/9/2004 10:00,17332
11/9/2004 11:00,17044
11/9/2004 12:00,16573
11/9/2004 13:00,16365
11/9/2004 14:00,16104
11/9/2004 15:00,15926
11/9/2004 16:00,15639
11/9/2004 17:00,15843
11/9/2004 18:00,16869
11/9/2004 19:00,17629
11/9/2004 20:00,17718
11/9/2004 21:00,17598
11/9/2004 22:00,17190
11/9/2004 23:00,16360
11/10/2004 0:00,15367
11/8/2004 1:00,12306
11/8/2004 2:00,12052
11/8/2004 3:00,12110
11/8/2004 4:00,12202
11/8/2004 5:00,12557
11/8/2004 6:00,13638
11/8/2004 7:00,15465
11/8/2004 8:00,16248
11/8/2004 9:00,16261
11/8/2004 10:00,16199
11/8/2004 11:00,16248
11/8/2004 12:00,16035
11/8/2004 13:00,15818
11/8/2004 14:00,15715
11/8/2004 15:00,15516
11/8/2004 16:00,15287
11/8/2004 17:00,15491
11/8/2004 18:00,16490
11/8/2004 19:00,17380
11/8/2004 20:00,17450
11/8/2004 21:00,17306
11/8/2004 22:00,16945
11/8/2004 23:00,16027
11/9/2004 0:00,15170
11/7/2004 1:00,12252
11/7/2004 2:00,11879
11/7/2004 3:00,11706
11/7/2004 4:00,11707
11/7/2004 5:00,11789
11/7/2004 6:00,12007
11/7/2004 7:00,12452
11/7/2004 8:00,12903
11/7/2004 9:00,13398
11/7/2004 10:00,13408
11/7/2004 11:00,13155
11/7/2004 12:00,13042
11/7/2004 13:00,13009
11/7/2004 14:00,12867
11/7/2004 15:00,12629
11/7/2004 16:00,12620
11/7/2004 17:00,12849
11/7/2004 18:00,13733
11/7/2004 19:00,14397
11/7/2004 20:00,14525
11/7/2004 21:00,14294
11/7/2004 22:00,13901
11/7/2004 23:00,13320
11/8/2004 0:00,12703
11/6/2004 1:00,13503
11/6/2004 2:00,13159
11/6/2004 3:00,12988
11/6/2004 4:00,12987
11/6/2004 5:00,13076
11/6/2004 6:00,13487
11/6/2004 7:00,14160
11/6/2004 8:00,14635
11/6/2004 9:00,15098
11/6/2004 10:00,15074
11/6/2004 11:00,14809
11/6/2004 12:00,14447
11/6/2004 13:00,14083
11/6/2004 14:00,13759
11/6/2004 15:00,13380
11/6/2004 16:00,13214
11/6/2004 17:00,13254
11/6/2004 18:00,14047
11/6/2004 19:00,14579
11/6/2004 20:00,14053
11/6/2004 21:00,14299
11/6/2004 22:00,13974
11/6/2004 23:00,13420
11/7/2004 0:00,12804
11/5/2004 1:00,13305
11/5/2004 2:00,12993
11/5/2004 3:00,12756
11/5/2004 4:00,12824
11/5/2004 5:00,13119
11/5/2004 6:00,14071
11/5/2004 7:00,15761
11/5/2004 8:00,16274
11/5/2004 9:00,15996
11/5/2004 10:00,15962
11/5/2004 11:00,15768
11/5/2004 12:00,15606
11/5/2004 13:00,15519
11/5/2004 14:00,15316
11/5/2004 15:00,14723
11/5/2004 16:00,15201
11/5/2004 17:00,14895
11/5/2004 18:00,15547
11/5/2004 19:00,16177
11/5/2004 20:00,16039
11/5/2004 21:00,15890
11/5/2004 22:00,15669
11/5/2004 23:00,14964
11/6/2004 0:00,14141
11/4/2004 1:00,12892
11/4/2004 2:00,12382
11/4/2004 3:00,12367
11/4/2004 4:00,12357
11/4/2004 5:00,12521
11/4/2004 6:00,13426
11/4/2004 7:00,15050
11/4/2004 8:00,15857
11/4/2004 9:00,15857
11/4/2004 10:00,16055
11/4/2004 11:00,16113
11/4/2004 12:00,16065
11/4/2004 13:00,16000
11/4/2004 14:00,15881
11/4/2004 15:00,15703
11/4/2004 16:00,15664
11/4/2004 17:00,15835
11/4/2004 18:00,16471
11/4/2004 19:00,16796
11/4/2004 20:00,16693
11/4/2004 21:00,16369
11/4/2004 22:00,15890
11/4/2004 23:00,14952
11/5/2004 0:00,14038
11/3/2004 1:00,12529
11/3/2004 2:00,12096
11/3/2004 3:00,11918
11/3/2004 4:00,11887
11/3/2004 5:00,12142
11/3/2004 6:00,12907
11/3/2004 7:00,14509
11/3/2004 8:00,15250
11/3/2004 9:00,15341
11/3/2004 10:00,15672
11/3/2004 11:00,15818
11/3/2004 12:00,15723
11/3/2004 13:00,15698
11/3/2004 14:00,15628
11/3/2004 15:00,15385
11/3/2004 16:00,15254
11/3/2004 17:00,15407
11/3/2004 18:00,16019
11/3/2004 19:00,16574
11/3/2004 20:00,16402
11/3/2004 21:00,16099
11/3/2004 22:00,15616
11/3/2004 23:00,14532
11/4/2004 0:00,13253
11/2/2004 1:00,12494
11/2/2004 2:00,11988
11/2/2004 3:00,11802
11/2/2004 4:00,11803
11/2/2004 5:00,11951
11/2/2004 6:00,12788
11/2/2004 7:00,14132
11/2/2004 8:00,14760
11/2/2004 9:00,15083
11/2/2004 10:00,15266
11/2/2004 11:00,15600
11/2/2004 12:00,15737
11/2/2004 13:00,15904
11/2/2004 14:00,15856
11/2/2004 15:00,15820
11/2/2004 16:00,15689
11/2/2004 17:00,15743
11/2/2004 18:00,16257
11/2/2004 19:00,16627
11/2/2004 20:00,16237
11/2/2004 21:00,15954
11/2/2004 22:00,15173
11/2/2004 23:00,14194
11/3/2004 0:00,13183
11/1/2004 1:00,11730
11/1/2004 2:00,11434
11/1/2004 3:00,11383
11/1/2004 4:00,11372
11/1/2004 5:00,11697
11/1/2004 6:00,12751
11/1/2004 7:00,14513
11/1/2004 8:00,15300
11/1/2004 9:00,15467
11/1/2004 10:00,15630
11/1/2004 11:00,15782
11/1/2004 12:00,15452
11/1/2004 13:00,15344
11/1/2004 14:00,15312
11/1/2004 15:00,15130
11/1/2004 16:00,15032
11/1/2004 17:00,15232
11/1/2004 18:00,15610
11/1/2004 19:00,16072
11/1/2004 20:00,15899
11/1/2004 21:00,15774
11/1/2004 22:00,15439
11/1/2004 23:00,14194
11/2/2004 0:00,13165
10/31/2004 1:00,11433
10/31/2004 3:00,10318
10/31/2004 4:00,10263
10/31/2004 5:00,10296
10/31/2004 6:00,10508
10/31/2004 7:00,10975
10/31/2004 8:00,11548
10/31/2004 9:00,12202
10/31/2004 10:00,12671
10/31/2004 11:00,12770
10/31/2004 12:00,12821
10/31/2004 13:00,12822
10/31/2004 14:00,12902
10/31/2004 15:00,12802
10/31/2004 16:00,12688
10/31/2004 17:00,12830
10/31/2004 18:00,13380
10/31/2004 19:00,14067
10/31/2004 20:00,13930
10/31/2004 21:00,13843
10/31/2004 22:00,13341
10/31/2004 23:00,12831
11/1/2004 0:00,12181
10/30/2004 1:00,12200
10/30/2004 2:00,11676
10/30/2004 3:00,11297
10/30/2004 4:00,11036
10/30/2004 5:00,10996
10/30/2004 6:00,11212
10/30/2004 7:00,11683
10/30/2004 8:00,12416
10/30/2004 9:00,13002
10/30/2004 10:00,13572
10/30/2004 11:00,14004
10/30/2004 12:00,14066
10/30/2004 13:00,13948
10/30/2004 14:00,13763
10/30/2004 15:00,13572
10/30/2004 16:00,13549
10/30/2004 17:00,13577
10/30/2004 18:00,13518
10/30/2004 19:00,13684
10/30/2004 20:00,13978
10/30/2004 21:00,13929
10/30/2004 22:00,13519
10/30/2004 23:00,12902
10/31/2004 0:00,12187
10/29/2004 1:00,12510
10/29/2004 2:00,12022
10/29/2004 3:00,11753
10/29/2004 4:00,11530
10/29/2004 5:00,11744
10/29/2004 6:00,12355
10/29/2004 7:00,13861
10/29/2004 8:00,15040
10/29/2004 9:00,15295
10/29/2004 10:00,15491
10/29/2004 11:00,15539
10/29/2004 12:00,15530
10/29/2004 13:00,15571
10/29/2004 14:00,15507
10/29/2004 15:00,15397
10/29/2004 16:00,15071
10/29/2004 17:00,15134
10/29/2004 18:00,14942
10/29/2004 19:00,15103
10/29/2004 20:00,15460
10/29/2004 21:00,15198
10/29/2004 22:00,14782
10/29/2004 23:00,14057
10/30/2004 0:00,13084
10/28/2004 1:00,12604
10/28/2004 2:00,12127
10/28/2004 3:00,11815
10/28/2004 4:00,11671
10/28/2004 5:00,11868
10/28/2004 6:00,12574
10/28/2004 7:00,14134
10/28/2004 8:00,15213
10/28/2004 9:00,15261
10/28/2004 10:00,15337
10/28/2004 11:00,15399
10/28/2004 12:00,15359
10/28/2004 13:00,15401
10/28/2004 14:00,15364
10/28/2004 15:00,15260
10/28/2004 16:00,15143
10/28/2004 17:00,15028
10/28/2004 18:00,14908
10/28/2004 19:00,15091
10/28/2004 20:00,15637
10/28/2004 21:00,15581
10/28/2004 22:00,15309
10/28/2004 23:00,14353
10/29/2004 0:00,13355
10/27/2004 1:00,12652
10/27/2004 2:00,12211
10/27/2004 3:00,11906
10/27/2004 4:00,11826
10/27/2004 5:00,11979
10/27/2004 6:00,12741
10/27/2004 7:00,14106
10/27/2004 8:00,15258
10/27/2004 9:00,15459
10/27/2004 10:00,15438
10/27/2004 11:00,15506
10/27/2004 12:00,15499
10/27/2004 13:00,15524
10/27/2004 14:00,15441
10/27/2004 15:00,15242
10/27/2004 16:00,15062
10/27/2004 17:00,15063
10/27/2004 18:00,15085
10/27/2004 19:00,15453
10/27/2004 20:00,16008
10/27/2004 21:00,15873
10/27/2004 22:00,15408
10/27/2004 23:00,14452
10/28/2004 0:00,13427
10/26/2004 1:00,12753
10/26/2004 2:00,12287
10/26/2004 3:00,12101
10/26/2004 4:00,12035
10/26/2004 5:00,12351
10/26/2004 6:00,13058
10/26/2004 7:00,14710
10/26/2004 8:00,15936
10/26/2004 9:00,15915
10/26/2004 10:00,15776
10/26/2004 11:00,15715
10/26/2004 12:00,15588
10/26/2004 13:00,15505
10/26/2004 14:00,15510
10/26/2004 15:00,15399
10/26/2004 16:00,15261
10/26/2004 17:00,15148
10/26/2004 18:00,15085
10/26/2004 19:00,15536
10/26/2004 20:00,16222
10/26/2004 21:00,16118
10/26/2004 22:00,15640
10/26/2004 23:00,14621
10/27/2004 0:00,13580
10/25/2004 1:00,11985
10/25/2004 2:00,11730
10/25/2004 3:00,11603
10/25/2004 4:00,11734
10/25/2004 5:00,11902
10/25/2004 6:00,12697
10/25/2004 7:00,14355
10/25/2004 8:00,15533
10/25/2004 9:00,15637
10/25/2004 10:00,15685
10/25/2004 11:00,15731
10/25/2004 12:00,15743
10/25/2004 13:00,15658
10/25/2004 14:00,15660
10/25/2004 15:00,15557
10/25/2004 16:00,15446
10/25/2004 17:00,15430
10/25/2004 18:00,15298
10/25/2004 19:00,15480
10/25/2004 20:00,16187
10/25/2004 21:00,15987
10/25/2004 22:00,15448
10/25/2004 23:00,14439
10/26/2004 0:00,13421
10/24/2004 1:00,11740
10/24/2004 2:00,11209
10/24/2004 3:00,10882
10/24/2004 4:00,10812
10/24/2004 5:00,10789
10/24/2004 6:00,10909
10/24/2004 7:00,11170
10/24/2004 8:00,11727
10/24/2004 9:00,12197
10/24/2004 10:00,12563
10/24/2004 11:00,12849
10/24/2004 12:00,13006
10/24/2004 13:00,13102
10/24/2004 14:00,13075
10/24/2004 15:00,12924
10/24/2004 16:00,12798
10/24/2004 17:00,12820
10/24/2004 18:00,13024
10/24/2004 19:00,13369
10/24/2004 20:00,14244
10/24/2004 21:00,14079
10/24/2004 22:00,13698
10/24/2004 23:00,13155
10/25/2004 0:00,12514
10/23/2004 1:00,12363
10/23/2004 2:00,11960
10/23/2004 3:00,11601
10/23/2004 4:00,11565
10/23/2004 5:00,11600
10/23/2004 6:00,11849
10/23/2004 7:00,12425
10/23/2004 8:00,13119
10/23/2004 9:00,13648
10/23/2004 10:00,14158
10/23/2004 11:00,14369
10/23/2004 12:00,14233
10/23/2004 13:00,14022
10/23/2004 14:00,13939
10/23/2004 15:00,13665
10/23/2004 16:00,13529
10/23/2004 17:00,13585
10/23/2004 18:00,13693
10/23/2004 19:00,13962
10/23/2004 20:00,14344
10/23/2004 21:00,14186
10/23/2004 22:00,13814
10/23/2004 23:00,13226
10/24/2004 0:00,12387
10/22/2004 1:00,12627
10/22/2004 2:00,12233
10/22/2004 3:00,11969
10/22/2004 4:00,11913
10/22/2004 5:00,12151
10/22/2004 6:00,12848
10/22/2004 7:00,14310
10/22/2004 8:00,15556
10/22/2004 9:00,15588
10/22/2004 10:00,15655
10/22/2004 11:00,15639
10/22/2004 12:00,15517
10/22/2004 13:00,15404
10/22/2004 14:00,15269
10/22/2004 15:00,15177
10/22/2004 16:00,14828
10/22/2004 17:00,14695
10/22/2004 18:00,14610
10/22/2004 19:00,14790
10/22/2004 20:00,15311
10/22/2004 21:00,15066
10/22/2004 22:00,14755
10/22/2004 23:00,14110
10/23/2004 0:00,13264
10/21/2004 1:00,12598
10/21/2004 2:00,12148
10/21/2004 3:00,11764
10/21/2004 4:00,11700
10/21/2004 5:00,11823
10/21/2004 6:00,12598
10/21/2004 7:00,14139
10/21/2004 8:00,15348
10/21/2004 9:00,15356
10/21/2004 10:00,15393
10/21/2004 11:00,15485
10/21/2004 12:00,15523
10/21/2004 13:00,15403
10/21/2004 14:00,15388
10/21/2004 15:00,15128
10/21/2004 16:00,15006
10/21/2004 17:00,14943
10/21/2004 18:00,14988
10/21/2004 19:00,15340
10/21/2004 20:00,15921
10/21/2004 21:00,15886
10/21/2004 22:00,15386
10/21/2004 23:00,14437
10/22/2004 0:00,13446
10/20/2004 1:00,12799
10/20/2004 2:00,12321
10/20/2004 3:00,12096
10/20/2004 4:00,11896
10/20/2004 5:00,12017
10/20/2004 6:00,12693
10/20/2004 7:00,14110
10/20/2004 8:00,15276
10/20/2004 9:00,15406
10/20/2004 10:00,15466
10/20/2004 11:00,15482
10/20/2004 12:00,15509
10/20/2004 13:00,15497
10/20/2004 14:00,15475
10/20/2004 15:00,15502
10/20/2004 16:00,15264
10/20/2004 17:00,15265
10/20/2004 18:00,15247
10/20/2004 19:00,15562
10/20/2004 20:00,16076
10/20/2004 21:00,15916
10/20/2004 22:00,15416
10/20/2004 23:00,14511
10/21/2004 0:00,13365
10/19/2004 1:00,13133
10/19/2004 2:00,12687
10/19/2004 3:00,12414
10/19/2004 4:00,12456
10/19/2004 5:00,12469
10/19/2004 6:00,13163
10/19/2004 7:00,14579
10/19/2004 8:00,15658
10/19/2004 9:00,15765
10/19/2004 10:00,15761
10/19/2004 11:00,15897
10/19/2004 12:00,15883
10/19/2004 13:00,15817
10/19/2004 14:00,15855
10/19/2004 15:00,15593
10/19/2004 16:00,15353
10/19/2004 17:00,15425
10/19/2004 18:00,15354
10/19/2004 19:00,15596
10/19/2004 20:00,16161
10/19/2004 21:00,16005
10/19/2004 22:00,15622
10/19/2004 23:00,14685
10/20/2004 0:00,13664
10/18/2004 1:00,12830
10/18/2004 2:00,12584
10/18/2004 3:00,12576
10/18/2004 4:00,12655
10/18/2004 5:00,12942
10/18/2004 6:00,13815
10/18/2004 7:00,15509
10/18/2004 8:00,16596
10/18/2004 9:00,16756
10/18/2004 10:00,16831
10/18/2004 11:00,16794
10/18/2004 12:00,16729
10/18/2004 13:00,16654
10/18/2004 14:00,16589
10/18/2004 15:00,16408
10/18/2004 16:00,16246
10/18/2004 17:00,16279
10/18/2004 18:00,16469
10/18/2004 19:00,16745
10/18/2004 20:00,17003
10/18/2004 21:00,16698
10/18/2004 22:00,16115
10/18/2004 23:00,15152
10/19/2004 0:00,14044
10/17/2004 1:00,12400
10/17/2004 2:00,12098
10/17/2004 3:00,11976
10/17/2004 4:00,11896
10/17/2004 5:00,11938
10/17/2004 6:00,12152
10/17/2004 7:00,12505
10/17/2004 8:00,13089
10/17/2004 9:00,13682
10/17/2004 10:00,13947
10/17/2004 11:00,13747
10/17/2004 12:00,13492
10/17/2004 13:00,13395
10/17/2004 14:00,13124
10/17/2004 15:00,12893
10/17/2004 16:00,12695
10/17/2004 17:00,12691
10/17/2004 18:00,12814
10/17/2004 19:00,13336
10/17/2004 20:00,14425
10/17/2004 21:00,14688
10/17/2004 22:00,14372
10/17/2004 23:00,13900
10/18/2004 0:00,13241
10/16/2004 1:00,12779
10/16/2004 2:00,12271
10/16/2004 3:00,12016
10/16/2004 4:00,11890
10/16/2004 5:00,11895
10/16/2004 6:00,12127
10/16/2004 7:00,12628
10/16/2004 8:00,13377
10/16/2004 9:00,14062
10/16/2004 10:00,14577
10/16/2004 11:00,14755
10/16/2004 12:00,14701
10/16/2004 13:00,14400
10/16/2004 14:00,14155
10/16/2004 15:00,14007
10/16/2004 16:00,13822
10/16/2004 17:00,13739
10/16/2004 18:00,13845
10/16/2004 19:00,14123
10/16/2004 20:00,14793
10/16/2004 21:00,14699
10/16/2004 22:00,14375
10/16/2004 23:00,13855
10/17/2004 0:00,13109
10/15/2004 1:00,12766
10/15/2004 2:00,12159
10/15/2004 3:00,11972
10/15/2004 4:00,11867
10/15/2004 5:00,12021
10/15/2004 6:00,12688
10/15/2004 7:00,14072
10/15/2004 8:00,15169
10/15/2004 9:00,15411
10/15/2004 10:00,15584
10/15/2004 11:00,15750
10/15/2004 12:00,15810
10/15/2004 13:00,15804
10/15/2004 14:00,15718
10/15/2004 15:00,15617
10/15/2004 16:00,15424
10/15/2004 17:00,15337
10/15/2004 18:00,15455
10/15/2004 19:00,15590
10/15/2004 20:00,15848
10/15/2004 21:00,15555
10/15/2004 22:00,15162
10/15/2004 23:00,14538
10/16/2004 0:00,13574
10/14/2004 1:00,12685
10/14/2004 2:00,12203
10/14/2004 3:00,11849
10/14/2004 4:00,11744
10/14/2004 5:00,11976
10/14/2004 6:00,12570
10/14/2004 7:00,14110
10/14/2004 8:00,15291
10/14/2004 9:00,15455
10/14/2004 10:00,15558
10/14/2004 11:00,15572
10/14/2004 12:00,15603
10/14/2004 13:00,15540
10/14/2004 14:00,15562
10/14/2004 15:00,15373
10/14/2004 16:00,15215
10/14/2004 17:00,15147
10/14/2004 18:00,15180
10/14/2004 19:00,15404
10/14/2004 20:00,16129
10/14/2004 21:00,15940
10/14/2004 22:00,15464
10/14/2004 23:00,14544
10/15/2004 0:00,13564
10/13/2004 1:00,12704
10/13/2004 2:00,12261
10/13/2004 3:00,11970
10/13/2004 4:00,11862
10/13/2004 5:00,11918
10/13/2004 6:00,12561
10/13/2004 7:00,14084
10/13/2004 8:00,15137
10/13/2004 9:00,15177
10/13/2004 10:00,15211
10/13/2004 11:00,15410
10/13/2004 12:00,15457
10/13/2004 13:00,15387
10/13/2004 14:00,15540
10/13/2004 15:00,15362
10/13/2004 16:00,15248
10/13/2004 17:00,15267
10/13/2004 18:00,15342
10/13/2004 19:00,15570
10/13/2004 20:00,16136
10/13/2004 21:00,15973
10/13/2004 22:00,15457
10/13/2004 23:00,14407
10/14/2004 0:00,13502
10/12/2004 1:00,12618
10/12/2004 2:00,12277
10/12/2004 3:00,12051
10/12/2004 4:00,12052
10/12/2004 5:00,12239
10/12/2004 6:00,13072
10/12/2004 7:00,14685
10/12/2004 8:00,15784
10/12/2004 9:00,15851
10/12/2004 10:00,15846
10/12/2004 11:00,15730
10/12/2004 12:00,15551
10/12/2004 13:00,15484
10/12/2004 14:00,15481
10/12/2004 15:00,15381
10/12/2004 16:00,15343
10/12/2004 17:00,15231
10/12/2004 18:00,15119
10/12/2004 19:00,15333
10/12/2004 20:00,16068
10/12/2004 21:00,16067
10/12/2004 22:00,15528
10/12/2004 23:00,14565
10/13/2004 0:00,13465
10/11/2004 1:00,11907
10/11/2004 2:00,11614
10/11/2004 3:00,11581
10/11/2004 4:00,11514
10/11/2004 5:00,11761
10/11/2004 6:00,12558
10/11/2004 7:00,14103
10/11/2004 8:00,15277
10/11/2004 9:00,15421
10/11/2004 10:00,15501
10/11/2004 11:00,15609
10/11/2004 12:00,15554
10/11/2004 13:00,15366
10/11/2004 14:00,15365
10/11/2004 15:00,15370
10/11/2004 16:00,15217
10/11/2004 17:00,15133
10/11/2004 18:00,15059
10/11/2004 19:00,15128
10/11/2004 20:00,15995
10/11/2004 21:00,15981
10/11/2004 22:00,15417
10/11/2004 23:00,14417
10/12/2004 0:00,13402
10/10/2004 1:00,11269
10/10/2004 2:00,10782
10/10/2004 3:00,10580
10/10/2004 4:00,10446
10/10/2004 5:00,10426
10/10/2004 6:00,10468
10/10/2004 7:00,10862
10/10/2004 8:00,11250
10/10/2004 9:00,11823
10/10/2004 10:00,12362
10/10/2004 11:00,12682
10/10/2004 12:00,12825
10/10/2004 13:00,12931
10/10/2004 14:00,13015
10/10/2004 15:00,12967
10/10/2004 16:00,12954
10/10/2004 17:00,13031
10/10/2004 18:00,13136
10/10/2004 19:00,13247
10/10/2004 20:00,14066
10/10/2004 21:00,14162
10/10/2004 22:00,13770
10/10/2004 23:00,13099
10/11/2004 0:00,12346
10/9/2004 1:00,12214
10/9/2004 2:00,11597
10/9/2004 3:00,11273
10/9/2004 4:00,11119
10/9/2004 5:00,11064
10/9/2004 6:00,11356
10/9/2004 7:00,11733
10/9/2004 8:00,12495
10/9/2004 9:00,13063
10/9/2004 10:00,13630
10/9/2004 11:00,13840
10/9/2004 12:00,13905
10/9/2004 13:00,13818
10/9/2004 14:00,13753
10/9/2004 15:00,13579
10/9/2004 16:00,13551
10/9/2004 17:00,13509
10/9/2004 18:00,13498
10/9/2004 19:00,13557
10/9/2004 20:00,14122
10/9/2004 21:00,14094
10/9/2004 22:00,13600
10/9/2004 23:00,12956
10/10/2004 0:00,12096
10/8/2004 1:00,12468
10/8/2004 2:00,12046
10/8/2004 3:00,11749
10/8/2004 4:00,11784
10/8/2004 5:00,11919
10/8/2004 6:00,12610
10/8/2004 7:00,14209
10/8/2004 8:00,15239
10/8/2004 9:00,15297
10/8/2004 10:00,15429
10/8/2004 11:00,15545
10/8/2004 12:00,15586
10/8/2004 13:00,15626
10/8/2004 14:00,15703
10/8/2004 15:00,15651
10/8/2004 16:00,15514
10/8/2004 17:00,15369
10/8/2004 18:00,15116
10/8/2004 19:00,14930
10/8/2004 20:00,15315
